Workbook

Sheet Main
F1: LM62460-Q1, LM61480-Q1, LM61495-Q1 Buck Converter Design Tool
B5: About | E5: ="= Input Box" -> = Input Box | W5: Terms Of Use
B8: Step 1: Operating Specifications
B9: Part Number | C9: LM61495-Q1 | P9: IOUT_MAX_TRIM | Q9: =IF(C9="LM61495-Q1",10,IF(C9="LM61480-Q1",8,IF(C9="LM62460-Q1",6,0))) -> 10 | R9: A | S9: ="=10 if LM61495, 8 if LM61480, 6 if LM62440" -> =10 if LM61495, 8 if LM61480, 6 if LM62440
B10: VIN_MIN | C10: 16 | D10: V | P10: IDEALDUTYCYCLE | Q10: =C13/C11 -> 0.72727273 | R10: % | S10: ="=VOUT/VIN_NOM" -> =VOUT/VIN_NOM
B11: VIN_NOM | C11: 22 | D11: V | P11: PLOSS | Q11: =(C14*C14)*(C20/1000+Q10*Q71+(1-Q10)*Q72) -> 2.6818182 | R11: W | S11: ="=IOUT_MAX^2*(LDCR+IDEALDUTYCYCLE*RDSON_HS+IDEALDUTYCYCLE*RDSON_LS" -> =IOUT_MAX^2*(LDCR+IDEALDUTYCYCLE*RDSON_HS+IDEALDUTYCYCLE*RDSON_LS
B12: VIN_MAX | C12: 26 | D12: V | P12: POUT | Q12: =C13*C14 -> 160 | R12: W | S12: ="=VOUT*IOUT_MAX" -> =VOUT*IOUT_MAX
B13: VOUT | C13: 16 | D13: V | P13: PIN | Q13: =Q12+Q11 -> 162.68182 | R13: W | S13: ="=POUT+PLOSS" -> =POUT+PLOSS
B14: IOUT_MAX | C14: 10 | D14: A | P14: EFFICIENCY | Q14: =Q12/Q13 -> 0.98351495 | R14: % | S14: ="=POUT/PIN" -> =POUT/PIN
B15: FSW_SELECTED | C15: 400 | D15: kHz | P15: DUTYCYCLE | Q15: =C13/(C11*Q14) -> 0.73946281 | R15: % | S15: ="=VOUT/(VIN*EFFICIENCY)" -> =VOUT/(VIN*EFFICIENCY)
P16: TON | Q16: =(1/(C15*1000))*Q15 -> 1.848657e-06 | R16: s | S16: ="=(1/FSW_SELECTED)*DUTYCYCLE" -> =(1/FSW_SELECTED)*DUTYCYCLE
B17: Step 2: Buck Inductor | P17: TOFF | Q17: =(1/(C15*1000))*(1-Q15) -> 6.5134298e-07 | R17: s | S17: ="=(1/FSW_SELECTED)*(1-DUTYCYCLE)" -> =(1/FSW_SELECTED)*(1-DUTYCYCLE)
B18: LRECOMMENDED | C18: =Q19*1000000 -> 3.6 | D18: μH | P18: LRECOMMENDED | Q18: =(C11-C13)*(Q16/(0.3*C14)) -> 3.697314e-06 | R18: H | S18: ="=(VIN-VOUT)*(TON/(0.3*IOUT_MAX))" -> =(VIN-VOUT)*(TON/(0.3*IOUT_MAX))
B19: LCHOSEN | C19: 3.5 | D19: μH | P19: LRECOMMENDED_STD | Q19: =IF(ISNUMBER(Q18),INDEX(LstdVal!$A$1:$A$769,MATCH(Q18,LstdVal!$A$1:$A$769)),Q18) -> 3.6e-06 | R19: H | S19: See Standard Values Calculator sheet
B20: LDCR | C20: 9 | D20: mΩ | P20: ΔILPEAK-PEAK | Q20: =(Q56-(Q71+Q62)*Q59-Q58)*Q15/(Q60*Q61) -> 3.0159519 | R20: A PK-PK | S20: ="=(VIN_NOM-(RDSON_HS+LDCR)*IOUT_MAX-VOUT)*DUTYCYCLE/(FSW_SELECTED*LCHOSEN)" -> =(VIN_NOM-(RDSON_HS+LDCR)*IOUT_MAX-VOUT)*DUTYCYCLE/(FSW_SELECTED*LCHOSEN)
B21: ΔILPEAK-PEAK | C21: =Q20 -> 3.0159519 | D21: A PK-PK | P21: %RIPPLE_CURRENT | Q21: =Q20/C14 -> 0.30159519 | R21: % | S21: ="=ΔILPEAK-PEAK/IOUT_MAX" -> =ΔILPEAK-PEAK/IOUT_MAX
B22: Ripple Current | C22: =Q21*100 -> 30.159519 | D22: % | P22: COUT_MIN_TRANSIENT | Q22: =(((Q63^2)*Q61)/((Q56-Q58)*(Q58*0.025))) -> 1.3125e-05 | R22: F | S22: ="=((ISTEP_MAX^2)*LCHOSEN)/((VIN_NOM-VOUT)*(VOUT*.025))" -> =((ISTEP_MAX^2)*LCHOSEN)/((VIN_NOM-VOUT)*(VOUT*.025)) | X22: Necessary output cap to meet droop spec on a transient
P23: COUT_MIN_RIPPLE_W/OESR | Q23: =Q20*1/(8*Q60*Q58*0.02) -> 2.9452655e-06 | R23: F | S23: ="=ΔILPEAK-PEAK*1/(8*FSW_SELECTED*VOUT*0.02)" -> =ΔILPEAK-PEAK*1/(8*FSW_SELECTED*VOUT*0.02) | X23: COUT for 2% ripple (not considering ESR of COUT)
B24: Step 3: Output Capacitors | P24: COUT_MIN_RIPPLE_W/ESR | R24: F
B25: ISTEP_MAX | C25: 3 | D25: A | P25: COUT_STABILITY_CERAMIC_ONLY | R25: F
B26: COUT_MIN (After Derating) | C26: =Q33 -> 59.537207 | D26: μF | P26: COUT_STABILITY_CERAMIC_w/Ecap | R26: F
B27: COUT_CHOSEN | C27: 80 | D27: μF | P27: COUT_STABILITY_ECAP_w/ceramic | R27: F
B28: Optional COUT_HF | C28: 2.2 | D28: uF
B29: COUT_BULK (suggested) | C29: =IF(((150*(C25/Q44)/(SQRT(C15)/SQRT(400)))*(SQRT(5)/SQRT(C13)))<22,"-",((150*(C25/Q44)/(SQRT(C15)/SQRT(400)))*(SQRT(5)/SQRT(C13)))) -> 25.155765 | D29: μF
B30: Optional COUT_BULK | C30: 68 | D30: uF | P30: CIN_MIN_HF | Q30: 2x0.47 | R30: uF | S30: 2x0.47uF X7R 50V AEC-Q200 rated | X30: Min high-frequency ceramic cap for input.
P31: CIN_MIN | Q31: 2x10 | R31: uF | S31: 2x10uF X7R 50V AEC-Q200 rated | X31: Min ceramic cap for input.
B32: Step 4: Input Capacitors | P32: CIN_BULK | Q32: =IF(Q63>=3, 10*Q63,"None") -> 30 | R32: uF | S32: if ISTEP_MAX >= 3A, add 10uF*ISTEP, else "None"
B33: CIN_MIN_HF | C33: =Q30 -> 2x0.47 | D33: μF | P33: COUT_MIN_STABILITY | Q33: =1776/(MIN(C13, 9)*POWER(C15,0.2)) -> 59.537207 | R33: uF | S33: ="1776 / (min(VOUT, 9)*(fsw_kHz)^0.2)" -> 1776 / (min(VOUT, 9)*(fsw_kHz)^0.2) | X33: Equation from Marc Davis-Marsh
B34: CIN_MIN | C34: =Q31 -> 2x10 | D34: μF
B35: CIN_BULK | C35: =Q32 -> 30 | D35: μF | P35: REN/UVLO_BOTTOM | Q35: =-(C41*Q73)/(Q73-C40) -> 22.608821 | R35: kΩ
P36: REN/UVLO_BOTTOM_std_val | Q36: =INDEX(RstdVal!$A$1:$A$769,MATCH(Q35,RstdVal!$A$1:$A$769)) -> 22.6 | R36: kΩ
B37: Step 5: Feedback, UVLO, RT... | P37: RFBB | Q37: =Q66*(1/(C13-1)) -> 6666.6667 | R37: Ω
B38: RFB_TOP | C38: 100 | D38: kΩ | P38: RFBB_std_val | Q38: =INDEX(RstdVal!$A$1:$A$769,MATCH(Q37,RstdVal!$A$1:$A$769))/1000 -> 6.65 | R38: kΩ
B39: RFB_BOTTOM | C39: =Q38 -> 6.65 | D39: kΩ | P39: RUVLO_BOTTOM | Q39: =-(Q68*Q73)/(Q73-C40) -> 22608.821 | R39: Ω
B40: VUVLO | C40: 5 | D40: V | P40: RUVLO_BOTTOM_std_val | Q40: =INDEX(RstdVal!$A$1:$A$769,MATCH(Q39,RstdVal!$A$1:$A$769))/1000 -> 22.6 | R40: kΩ
B41: REN/UVLO_TOP | C41: 100 | D41: kΩ | P41: RT | Q41: =IF(C15=400,"Short to VCC",IF(C15=2200,"Short to GND",((16400/(C15))-0.633))) -> Short to VCC | R41: kΩ | S41: ="Short to GND for 400kHz, short to VCC for 2.2MHz, or =(16400/(freq(kHz) ) – 0.633) for 200kHz to 2.2MHz" -> Short to GND for 400kHz, short to VCC for 2.2MHz, or =(16400/(freq(kHz) ) – 0.633) for 200kHz to 2.2MHz
B42: REN/UVLO_BOTTOM | C42: =Q36 -> 22.6 | D42: kΩ | P42: RT_std_val | Q42: =IF(ISNUMBER(Q41),INDEX(RstdVal!$A$1:$A$769,MATCH(Q41,RstdVal!$A$1:$A$769)),Q41) -> Short to VCC | R42: kΩ
B43: RT | C43: =Q42 -> Short to VCC | D43: kΩ
B44: RBOOT | C44: 0 | D44: Ω | O44: RSPSP calculations | P44: IOUT_TRIM | Q44: =IF(C9=Q82, 6, IF(C9=Q83,8,IF(C9=Q84,10,""))) -> 10 | R44: A | S44: 6A, 8A, or 10A based on part number selection. Used in spread spectrum resistor calculation
B45: CBOOT | C45: 0.1 | D45: μF | P45: ΔILPEAK-PEAK-1% | Q45: =Q20/1.01 -> 2.986091 | R45: A | S45: ΔILPEAK-PEAK / 1.01 For RSPSP calc, 1% spread
B46: CBIAS | C46: 0.1 | D46: μF | P46: RIP_CHANGE | Q46: =Q20-Q45 -> 0.02986091 | R46: A | S46: ΔILPEAK-PEAK - ΔILPEAK-PEAK-1%
B47: CVCC | C47: 1 | D47: μF | P47: SLOPE_COMP_CHANGE | Q47: =(Q58/Q56)*Q44*1.7*0.36/100 -> 0.044509091 | R47: V | S47: ="=(VOUT/VIN)*IOUT_TRIM*1.7*0.36/100" -> =(VOUT/VIN)*IOUT_TRIM*1.7*0.36/100
B48: Spread Spectrum? | C48: Yes | P48: REQ_V2I_OFFSET/BIT | Q48: =(66/(Q44*1.7)*Q46/2)/1000000 -> 5.7965295e-08 | R48: A | S48: ="=66/(IOUT_TRIM*1.7)*RIP_CHANGE/2" -> =66/(IOUT_TRIM*1.7)*RIP_CHANGE/2
B49: RSPSP | C49: =Q51 -> 11.8 | D49: kΩ | P49: REQ_V2I_OFFSET_FOR_SLOPE_COMP/BIT | Q49: =(66/(Q44*1.7)*Q47)/1000000 -> 1.728e-07 | R49: A | S49: ="=66/(IOUT_TRIM*1.7)*SLOPE_COMP_CHANGE" -> =66/(IOUT_TRIM*1.7)*SLOPE_COMP_CHANGE
B50: SYNC/MODE Select | C50: PFM | P50: RSPSP | Q50: =0.55/((Q48*1000000+Q49*1000000)*0.001*200) -> 11.91687 | R50: Ω | S50: ="=0.55/((REQ_V2I_OFFSET/BIT+REQ_V2I_OFFSET_FOR_SLOPE_COMP/BIT)*0.001*200)" -> =0.55/((REQ_V2I_OFFSET/BIT+REQ_V2I_OFFSET_FOR_SLOPE_COMP/BIT)*0.001*200)
B51: SYNC/MODE Pin | C51: =IF(C50="FPWM","Short to VCC",IF(C50="PFM","Short to GND","External clock")) -> Short to GND | P51: RSPSP_std_val | Q51: =INDEX(RstdVal!$A$1:$A$769,MATCH(Q50,RstdVal!$A$1:$A$769)) -> 11.8 | R51: Ω | S51: ="=0.55/((REQ_V2I_OFFSET/BIT+REQ_V2I_OFFSET_FOR_SLOPE_COMP/BIT)*0.001*200)" -> =0.55/((REQ_V2I_OFFSET/BIT+REQ_V2I_OFFSET_FOR_SLOPE_COMP/BIT)*0.001*200)
B52: RRESET | C52: 100 | D52: kΩ
P54: Selected in base units
P55: VIN_MIN | Q55: =C10 -> 16 | R55: V
P56: VIN_NOM | Q56: =C11 -> 22 | R56: V
P57: VIN_MAX | Q57: =C12 -> 26 | R57: V
P58: VOUT | Q58: =C13 -> 16 | R58: V
P59: IOUT_MAX | Q59: =C14 -> 10 | R59: A
P60: FSW_SELECTED | Q60: =C15*1000 -> 400000 | R60: Hz | S60: Selected switching frequency
P61: LCHOSEN | Q61: =C19*0.000001 -> 3.5e-06 | R61: H
P62: LDCR | Q62: =C20*0.001 -> 0.009 | R62: Ω
P63: ISTEP_MAX | Q63: =C25 -> 3 | R63: A
P64: COUT_CHOSEN | Q64: =C27*0.000001 -> 8e-05 | R64: F
P65: CESR_CHOSEN | Q65: =#REF!*0.001 -> #REF! | R65: Ω
P66: RFB_TOP | Q66: =C38*1000 -> 100000 | R66: Ω
P67: RUVLO | Q67: =C40 -> 5 | R67: V
P68: RUFLO_TOP | Q68: =C41*1000 -> 100000 | R68: Ω
P70: Given
P71: RDSON_HS | Q71: 0.02 | R71: ohms | S71: High-side FET on-resistance
P72: RDSON_LS | Q72: 0.012 | R72: ohms | S72: Low-side FET on-resistance
P73: VUVLO | Q73: =1.263*(1-0.27) -> 0.92199 | R73: V | S73: UVLO threshold
P76: VREF | Q76: 1 | R76: V | S76: FB reference voltage
P81: Data Validation | Q81: Part Number | R81: Spread Spectrum? | S81: SYNC/MODE
Q82: LM62460-Q1 | R82: Yes | S82: SYNC
Q83: LM61480-Q1 | R83: No | S83: PFM
Q84: LM61495-Q1 | S84: FPWM
P88: Labels
P89: VIN_Label | Q89: =CONCATENATE("VIN = ",C11, "V") -> VIN = 22V
P90: VOUT_Label | Q90: =CONCATENATE("VOUT = ",C13, "V") -> VOUT = 16V
P91: IOUT_Label | Q91: =CONCATENATE("IOUT = ",C14, "A") -> IOUT = 10A
P92: FSW_Label | Q92: =CONCATENATE("FSW = ",C15, "kHz") -> FSW = 400kHz
P93: L_Label | Q93: ="L" -> L
P94: L_Label2 | Q94: =CONCATENATE(IF(ISNUMBER(C19),C19,C18), D19) -> 3.5μH
P95: COUT_HF_Label | Q95: =CONCATENATE("COUT_HF ", C28, "uF") -> COUT_HF 2.2uF
P96: COUT_Label | Q96: =CONCATENATE("COUT ",IF(ISNUMBER(C27),C27,ROUND(C26,0)), D26) -> COUT 80μF
P97: COUT_BLK_Label | Q97: =CONCATENATE("COUT_BULK ", C30, "uF") -> COUT_BULK 68uF
P98: CIN_HF_Label | Q98: =CONCATENATE("CIN_HF 2x 0.47uF") -> CIN_HF 2x 0.47uF
P99: CIN_Label | Q99: =CONCATENATE("CIN 2x 10uF") -> CIN 2x 10uF
P100: CIN_BLK_Label | Q100: =CONCATENATE("CIN_BULK ",C35, "uF") -> CIN_BULK 30uF
P101: RFBT_Label | Q101: =CONCATENATE("RFBT ",C38, D38) -> RFBT 100kΩ
P102: RFBB_Label | Q102: =CONCATENATE("RFBB ",C39, D39) -> RFBB 6.65kΩ
P103: CFF_Label | Q103: ="CFF 10pF" -> CFF 10pF
P104: RFF_Label | Q104: ="RFF 4.99kΩ" -> RFF 4.99kΩ
P105: RENT_Label | Q105: =CONCATENATE("RENT ",C41, D41) -> RENT 100kΩ
P106: RENB_Label | Q106: =CONCATENATE("RENB ",C42, D42) -> RENB 22.6kΩ
P107: RT_Label | Q107: =IF(ISNUMBER(C43),CONCATENATE(C43,"kΩ to GND"),C43) -> Short to VCC
P108: RBOOT_Label | Q108: =CONCATENATE("RBOOT ","0", D44) -> RBOOT 0Ω
P109: CBOOT_Label | Q109: =CONCATENATE("CBOOT ","0.1", "uF") -> CBOOT 0.1uF
P110: CBIAS_Label | Q110: =IF(C13>12,"External supply 3.3V-12V", "VOUT") -> External supply 3.3V-12V
P111: CVCC_Label | Q111: ="CVCC 1uF" -> CVCC 1uF
P112: SPSP_Label | Q112: =IF(C48="Yes",CONCATENATE(C49,D49," to GND"),"Short to GND") -> 11.8kΩ to GND
P113: SYNC/MODE_Label | Q113: =IF(C50="FPWM","Short to VCC",IF(C50="PFM","Short to GND","External clock")) -> Short to GND
P114: RRESET_Label | Q114: =IF(C13<=20,"VOUT or VCC","VCC") -> VOUT or VCC
P115: CBIAS_Label | Q115: =CONCATENATE("CBIAS ",C46, D46) -> CBIAS 0.1μF
D261: =E261/10 -> 1 | E261: 10 | F261: =E261*10 -> 100 | G261: =F261*10 -> 1000 | H261: =G261*10 -> 10000 | I261: =H261*10 -> 100000 | J261: =I261*10 -> 1000000 | K261: =J261*10 -> 10000000
...

Sheet RstdVal
A1: 1 | C1: =INDEX(A1:A769,MATCH(12,A1:A769)) -> 11.8
A2: 1.02
A3: 1.05
A4: 1.07
A5: 1.1
A6: 1.13
A7: 1.15
A8: 1.18
A9: 1.21
A10: 1.24
A11: 1.27
A12: 1.3
A13: 1.33
... A96: 9.76
A97: =A1*10 -> 10
A98: =A2*10 -> 10.2
A99: =A3*10 -> 10.5
A100: =A4*10 -> 10.7
A101: =A5*10 -> 11
A102: =A6*10 -> 11.3
A103: =A7*10 -> 11.5
A104: =A8*10 -> 11.8
A105: =A9*10 -> 12.1
A106: =A10*10 -> 12.4
A107: =A11*10 -> 12.7
A108: =A12*10 -> 13
... A769: =A673*10 -> 100000000

Sheet LstdVal
A1: 1e-09
A2: 1.1e-09
A3: 1.2e-09
A4: 1.3e-09
A5: 1.5e-09
A6: 1.6e-09
A7: 1.8e-09
A8: 2e-09
A9: 2.2e-09
A10: 2.4e-09
A11: 2.7e-09
A12: 3e-09
... A226: 1
